name,trial,nthreads,threadops,maxkey,ratio,seed,time,ninstrue,ninsfalse,ndeltrue,ndelfalse,nfindtrue,nfindfalse,nfindvaluetrue,nfindvaluefalse,nrqtrue,nrqfalse,nsnaptrue,nsnapfalse,rqsize,snapsize,throughput,avgnodedepth,noise,balanceprob,nnodes,initnnodes,factoryname,helpedothers,method,experiment,dummy,dummy,merged-experiment,row,machine,thread0ops,thread1ops,thread2ops,thread3ops,thread4ops,thread5ops,thread6ops,thread7ops,thread8ops,thread9ops,thread10ops,thread11ops,thread12ops,thread13ops,thread14ops,thread15ops,thread16ops,thread17ops,thread18ops,thread19ops,thread20ops,thread21ops,thread22ops,thread23ops,thread24ops,thread25ops,thread26ops,thread27ops,thread28ops,thread29ops,thread30ops,thread31ops,thread32ops,thread33ops,thread34ops,thread35ops,thread36ops,thread37ops,thread38ops,thread39ops,thread40ops,thread41ops,thread42ops,thread43ops,thread44ops,thread45ops,thread46ops,thread47ops,thread48ops,thread49ops,thread50ops,thread51ops,thread52ops,thread53ops,thread54ops,thread55ops,thread56ops,thread57ops,thread58ops,thread59ops,thread60ops,thread61ops,thread62ops,thread63ops,thread64ops,thread65ops,thread66ops,thread67ops,thread68ops,thread69ops,thread70ops,thread71ops,thread72ops,thread73ops,thread74ops,thread75ops,thread76ops,thread77ops,thread78ops,thread79ops,thread80ops,thread81ops,thread82ops,thread83ops,thread84ops,thread85ops,thread86ops,thread87ops,thread88ops,thread89ops,thread90ops,thread91ops,thread92ops,thread93ops,thread94ops,thread95ops,thread96ops,thread97ops,thread98ops,thread99ops,thread100ops,thread101ops,thread102ops,thread103ops,thread104ops,thread105ops,thread106ops,thread107ops,thread108ops,thread109ops,thread110ops,thread111ops,thread112ops,thread113ops,thread114ops,thread115ops,thread116ops,thread117ops,thread118ops,thread119ops,thread120ops,thread121ops,thread122ops,thread123ops,thread124ops,thread125ops,thread126ops,thread127ops,thread0userstart,thread0userend,thread1userstart,thread1userend,thread2userstart,thread2userend,thread3userstart,thread3userend,thread4userstart,thread4userend,thread5userstart,thread5userend,thread6userstart,thread6userend,thread7userstart,thread7userend,thread8userstart,thread8userend,thread9userstart,thread9userend,thread10userstart,thread10userend,thread11userstart,thread11userend,thread12userstart,thread12userend,thread13userstart,thread13userend,thread14userstart,thread14userend,thread15userstart,thread15userend,thread16userstart,thread16userend,thread17userstart,thread17userend,thread18userstart,thread18userend,thread19userstart,thread19userend,thread20userstart,thread20userend,thread21userstart,thread21userend,thread22userstart,thread22userend,thread23userstart,thread23userend,thread24userstart,thread24userend,thread25userstart,thread25userend,thread26userstart,thread26userend,thread27userstart,thread27userend,thread28userstart,thread28userend,thread29userstart,thread29userend,thread30userstart,thread30userend,thread31userstart,thread31userend,thread32userstart,thread32userend,thread33userstart,thread33userend,thread34userstart,thread34userend,thread35userstart,thread35userend,thread36userstart,thread36userend,thread37userstart,thread37userend,thread38userstart,thread38userend,thread39userstart,thread39userend,thread40userstart,thread40userend,thread41userstart,thread41userend,thread42userstart,thread42userend,thread43userstart,thread43userend,thread44userstart,thread44userend,thread45userstart,thread45userend,thread46userstart,thread46userend,thread47userstart,thread47userend,thread48userstart,thread48userend,thread49userstart,thread49userend,thread50userstart,thread50userend,thread51userstart,thread51userend,thread52userstart,thread52userend,thread53userstart,thread53userend,thread54userstart,thread54userend,thread55userstart,thread55userend,thread56userstart,thread56userend,thread57userstart,thread57userend,thread58userstart,thread58userend,thread59userstart,thread59userend,thread60userstart,thread60userend,thread61userstart,thread61userend,thread62userstart,thread62userend,thread63userstart,thread63userend,thread64userstart,thread64userend,thread65userstart,thread65userend,thread66userstart,thread66userend,thread67userstart,thread67userend,thread68userstart,thread68userend,thread69userstart,thread69userend,thread70userstart,thread70userend,thread71userstart,thread71userend,thread72userstart,thread72userend,thread73userstart,thread73userend,thread74userstart,thread74userend,thread75userstart,thread75userend,thread76userstart,thread76userend,thread77userstart,thread77userend,thread78userstart,thread78userend,thread79userstart,thread79userend,thread80userstart,thread80userend,thread81userstart,thread81userend,thread82userstart,thread82userend,thread83userstart,thread83userend,thread84userstart,thread84userend,thread85userstart,thread85userend,thread86userstart,thread86userend,thread87userstart,thread87userend,thread88userstart,thread88userend,thread89userstart,thread89userend,thread90userstart,thread90userend,thread91userstart,thread91userend,thread92userstart,thread92userend,thread93userstart,thread93userend,thread94userstart,thread94userend,thread95userstart,thread95userend,thread96userstart,thread96userend,thread97userstart,thread97userend,thread98userstart,thread98userend,thread99userstart,thread99userend,thread100userstart,thread100userend,thread101userstart,thread101userend,thread102userstart,thread102userend,thread103userstart,thread103userend,thread104userstart,thread104userend,thread105userstart,thread105userend,thread106userstart,thread106userend,thread107userstart,thread107userend,thread108userstart,thread108userend,thread109userstart,thread109userend,thread110userstart,thread110userend,thread111userstart,thread111userend,thread112userstart,thread112userend,thread113userstart,thread113userend,thread114userstart,thread114userend,thread115userstart,thread115userend,thread116userstart,thread116userend,thread117userstart,thread117userend,thread118userstart,thread118userend,thread119userstart,thread119userend,thread120userstart,thread120userend,thread121userstart,thread121userend,thread122userstart,thread122userend,thread123userstart,thread123userend,thread124userstart,thread124userend,thread125userstart,thread125userend,thread126userstart,thread126userend,thread127userstart,thread127userend,thread0wallstart,thread0wallend,thread1wallstart,thread1wallend,thread2wallstart,thread2wallend,thread3wallstart,thread3wallend,thread4wallstart,thread4wallend,thread5wallstart,thread5wallend,thread6wallstart,thread6wallend,thread7wallstart,thread7wallend,thread8wallstart,thread8wallend,thread9wallstart,thread9wallend,thread10wallstart,thread10wallend,thread11wallstart,thread11wallend,thread12wallstart,thread12wallend,thread13wallstart,thread13wallend,thread14wallstart,thread14wallend,thread15wallstart,thread15wallend,thread16wallstart,thread16wallend,thread17wallstart,thread17wallend,thread18wallstart,thread18wallend,thread19wallstart,thread19wallend,thread20wallstart,thread20wallend,thread21wallstart,thread21wallend,thread22wallstart,thread22wallend,thread23wallstart,thread23wallend,thread24wallstart,thread24wallend,thread25wallstart,thread25wallend,thread26wallstart,thread26wallend,thread27wallstart,thread27wallend,thread28wallstart,thread28wallend,thread29wallstart,thread29wallend,thread30wallstart,thread30wallend,thread31wallstart,thread31wallend,thread32wallstart,thread32wallend,thread33wallstart,thread33wallend,thread34wallstart,thread34wallend,thread35wallstart,thread35wallend,thread36wallstart,thread36wallend,thread37wallstart,thread37wallend,thread38wallstart,thread38wallend,thread39wallstart,thread39wallend,thread40wallstart,thread40wallend,thread41wallstart,thread41wallend,thread42wallstart,thread42wallend,thread43wallstart,thread43wallend,thread44wallstart,thread44wallend,thread45wallstart,thread45wallend,thread46wallstart,thread46wallend,thread47wallstart,thread47wallend,thread48wallstart,thread48wallend,thread49wallstart,thread49wallend,thread50wallstart,thread50wallend,thread51wallstart,thread51wallend,thread52wallstart,thread52wallend,thread53wallstart,thread53wallend,thread54wallstart,thread54wallend,thread55wallstart,thread55wallend,thread56wallstart,thread56wallend,thread57wallstart,thread57wallend,thread58wallstart,thread58wallend,thread59wallstart,thread59wallend,thread60wallstart,thread60wallend,thread61wallstart,thread61wallend,thread62wallstart,thread62wallend,thread63wallstart,thread63wallend,thread64wallstart,thread64wallend,thread65wallstart,thread65wallend,thread66wallstart,thread66wallend,thread67wallstart,thread67wallend,thread68wallstart,thread68wallend,thread69wallstart,thread69wallend,thread70wallstart,thread70wallend,thread71wallstart,thread71wallend,thread72wallstart,thread72wallend,thread73wallstart,thread73wallend,thread74wallstart,thread74wallend,thread75wallstart,thread75wallend,thread76wallstart,thread76wallend,thread77wallstart,thread77wallend,thread78wallstart,thread78wallend,thread79wallstart,thread79wallend,thread80wallstart,thread80wallend,thread81wallstart,thread81wallend,thread82wallstart,thread82wallend,thread83wallstart,thread83wallend,thread84wallstart,thread84wallend,thread85wallstart,thread85wallend,thread86wallstart,thread86wallend,thread87wallstart,thread87wallend,thread88wallstart,thread88wallend,thread89wallstart,thread89wallend,thread90wallstart,thread90wallend,thread91wallstart,thread91wallend,thread92wallstart,thread92wallend,thread93wallstart,thread93wallend,thread94wallstart,thread94wallend,thread95wallstart,thread95wallend,thread96wallstart,thread96wallend,thread97wallstart,thread97wallend,thread98wallstart,thread98wallend,thread99wallstart,thread99wallend,thread100wallstart,thread100wallend,thread101wallstart,thread101wallend,thread102wallstart,thread102wallend,thread103wallstart,thread103wallend,thread104wallstart,thread104wallend,thread105wallstart,thread105wallend,thread106wallstart,thread106wallend,thread107wallstart,thread107wallend,thread108wallstart,thread108wallend,thread109wallstart,thread109wallend,thread110wallstart,thread110wallend,thread111wallstart,thread111wallend,thread112wallstart,thread112wallend,thread113wallstart,thread113wallend,thread114wallstart,thread114wallend,thread115wallstart,thread115wallend,thread116wallstart,thread116wallend,thread117wallstart,thread117wallend,thread118wallstart,thread118wallend,thread119wallstart,thread119wallend,thread120wallstart,thread120wallend,thread121wallstart,thread121wallend,thread122wallstart,thread122wallend,thread123wallstart,thread123wallend,thread124wallstart,thread124wallend,thread125wallstart,thread125wallend,thread126wallstart,thread126wallend,thread127wallstart,thread127wallend,thread0cpustart,thread0cpuend,thread1cpustart,thread1cpuend,thread2cpustart,thread2cpuend,thread3cpustart,thread3cpuend,thread4cpustart,thread4cpuend,thread5cpustart,thread5cpuend,thread6cpustart,thread6cpuend,thread7cpustart,thread7cpuend,thread8cpustart,thread8cpuend,thread9cpustart,thread9cpuend,thread10cpustart,thread10cpuend,thread11cpustart,thread11cpuend,thread12cpustart,thread12cpuend,thread13cpustart,thread13cpuend,thread14cpustart,thread14cpuend,thread15cpustart,thread15cpuend,thread16cpustart,thread16cpuend,thread17cpustart,thread17cpuend,thread18cpustart,thread18cpuend,thread19cpustart,thread19cpuend,thread20cpustart,thread20cpuend,thread21cpustart,thread21cpuend,thread22cpustart,thread22cpuend,thread23cpustart,thread23cpuend,thread24cpustart,thread24cpuend,thread25cpustart,thread25cpuend,thread26cpustart,thread26cpuend,thread27cpustart,thread27cpuend,thread28cpustart,thread28cpuend,thread29cpustart,thread29cpuend,thread30cpustart,thread30cpuend,thread31cpustart,thread31cpuend,thread32cpustart,thread32cpuend,thread33cpustart,thread33cpuend,thread34cpustart,thread34cpuend,thread35cpustart,thread35cpuend,thread36cpustart,thread36cpuend,thread37cpustart,thread37cpuend,thread38cpustart,thread38cpuend,thread39cpustart,thread39cpuend,thread40cpustart,thread40cpuend,thread41cpustart,thread41cpuend,thread42cpustart,thread42cpuend,thread43cpustart,thread43cpuend,thread44cpustart,thread44cpuend,thread45cpustart,thread45cpuend,thread46cpustart,thread46cpuend,thread47cpustart,thread47cpuend,thread48cpustart,thread48cpuend,thread49cpustart,thread49cpuend,thread50cpustart,thread50cpuend,thread51cpustart,thread51cpuend,thread52cpustart,thread52cpuend,thread53cpustart,thread53cpuend,thread54cpustart,thread54cpuend,thread55cpustart,thread55cpuend,thread56cpustart,thread56cpuend,thread57cpustart,thread57cpuend,thread58cpustart,thread58cpuend,thread59cpustart,thread59cpuend,thread60cpustart,thread60cpuend,thread61cpustart,thread61cpuend,thread62cpustart,thread62cpuend,thread63cpustart,thread63cpuend,thread64cpustart,thread64cpuend,thread65cpustart,thread65cpuend,thread66cpustart,thread66cpuend,thread67cpustart,thread67cpuend,thread68cpustart,thread68cpuend,thread69cpustart,thread69cpuend,thread70cpustart,thread70cpuend,thread71cpustart,thread71cpuend,thread72cpustart,thread72cpuend,thread73cpustart,thread73cpuend,thread74cpustart,thread74cpuend,thread75cpustart,thread75cpuend,thread76cpustart,thread76cpuend,thread77cpustart,thread77cpuend,thread78cpustart,thread78cpuend,thread79cpustart,thread79cpuend,thread80cpustart,thread80cpuend,thread81cpustart,thread81cpuend,thread82cpustart,thread82cpuend,thread83cpustart,thread83cpuend,thread84cpustart,thread84cpuend,thread85cpustart,thread85cpuend,thread86cpustart,thread86cpuend,thread87cpustart,thread87cpuend,thread88cpustart,thread88cpuend,thread89cpustart,thread89cpuend,thread90cpustart,thread90cpuend,thread91cpustart,thread91cpuend,thread92cpustart,thread92cpuend,thread93cpustart,thread93cpuend,thread94cpustart,thread94cpuend,thread95cpustart,thread95cpuend,thread96cpustart,thread96cpuend,thread97cpustart,thread97cpuend,thread98cpustart,thread98cpuend,thread99cpustart,thread99cpuend,thread100cpustart,thread100cpuend,thread101cpustart,thread101cpuend,thread102cpustart,thread102cpuend,thread103cpustart,thread103cpuend,thread104cpustart,thread104cpuend,thread105cpustart,thread105cpuend,thread106cpustart,thread106cpuend,thread107cpustart,thread107cpuend,thread108cpustart,thread108cpuend,thread109cpustart,thread109cpuend,thread110cpustart,thread110cpuend,thread111cpustart,thread111cpuend,thread112cpustart,thread112cpuend,thread113cpustart,thread113cpuend,thread114cpustart,thread114cpuend,thread115cpustart,thread115cpuend,thread116cpustart,thread116cpuend,thread117cpustart,thread117cpuend,thread118cpustart,thread118cpuend,thread119cpustart,thread119cpuend,thread120cpustart,thread120cpuend,thread121cpustart,thread121cpuend,thread122cpustart,thread122cpuend,thread123cpustart,thread123cpuend,thread124cpustart,thread124cpuend,thread125cpustart,thread125cpuend,thread126cpustart,thread126cpuend,thread127cpustart,thread127cpuend,totalelapsedusertime,totalelapsedwalltime,totalelapsedcputime,gctime,nseconds,effectivetimeperthread,restarted
Snap,0,3,312981,20000,40i-0d,-564124248,1.000460467,125372,0,0,0,78633,14865,0,0,94111,878577,0,0,-1,-1,312836,0.0,-1,-1,0,0,overlapRandom,unknown,putIfAbsent,40i-0d--1,,,0.4i-0.0d-20000,unnamed-Snap-0.4i-0.0d-20000-3,unnamed,383686,415152,392720,,,,,,,,,,,,,,,,,,,,,,,,,,,,,,,,,,,,,,,,,,,,,,,,,,,,,,,,,,,,,,,,,,,,,,,,,,,,,,,,,,,,,,,,,,,,,,,,,,,,,,,,,,,,,,,,,,,,,,,,,,,,,,0.0,0.296875,0.0,0.234375,0.0,0.25,,,,,,,,,,,,,,,,,,,,,,,,,,,,,,,,,,,,,,,,,,,,,,,,,,,,,,,,,,,,,,,,,,,,,,,,,,,,,,,,,,,,,,,,,,,,,,,,,,,,,,,,,,,,,,,,,,,,,,,,,,,,,,,,,,,,,,,,,,,,,,,,,,,,,,,,,,,,,,,,,,,,,,,,,,,,,,,,,,,,,,,,,,,,,,,,,,,,,,,,,,,,,,,,,,,,,,,,,,,,,,,,,,,,,,,,,,,,,,,,,,,,,,,,,,,2.332E-6,0.999747606,9.33E-6,0.999756936,0.0,0.999756936,,,,,,,,,,,,,,,,,,,,,,,,,,,,,,,,,,,,,,,,,,,,,,,,,,,,,,,,,,,,,,,,,,,,,,,,,,,,,,,,,,,,,,,,,,,,,,,,,,,,,,,,,,,,,,,,,,,,,,,,,,,,,,,,,,,,,,,,,,,,,,,,,,,,,,,,,,,,,,,,,,,,,,,,,,,,,,,,,,,,,,,,,,,,,,,,,,,,,,,,,,,,,,,,,,,,,,,,,,,,,,,,,,,,,,,,,,,,,,,,,,,,,,,,,,,0.0,109749.498832736,0.0,109749.498842066,0.0,109749.498842066,,,,,,,,,,,,,,,,,,,,,,,,,,,,,,,,,,,,,,,,,,,,,,,,,,,,,,,,,,,,,,,,,,,,,,,,,,,,,,,,,,,,,,,,,,,,,,,,,,,,,,,,,,,,,,,,,,,,,,,,,,,,,,,,,,,,,,,,,,,,,,,,,,,,,,,,,,,,,,,,,,,,,,,,,,,,,,,,,,,,,,,,,,,,,,,,,,,,,,,,,,,,,,,,,,,,,,,,,,,,,,,,,,,,,,,,,,,,,,,,,,,,,,,,,,,0.78125,2.999249816,329248.496516868,0.26,1.0,109749.758838956
Snap,1,3,325756,20000,40i-0d,-568386002,0.999876369,130097,0,0,0,82818,14913,0,0,97928,922529,0,0,-1,-1,325796,0.0,-1,-1,0,0,overlapRandom,unknown,putIfAbsent,40i-0d--1,,,0.4i-0.0d-20000,unnamed-Snap-0.4i-0.0d-20000-3,unnamed,407915,414944,425426,,,,,,,,,,,,,,,,,,,,,,,,,,,,,,,,,,,,,,,,,,,,,,,,,,,,,,,,,,,,,,,,,,,,,,,,,,,,,,,,,,,,,,,,,,,,,,,,,,,,,,,,,,,,,,,,,,,,,,,,,,,,,,0.0,0.3125,0.0,0.265625,0.0,0.328125,,,,,,,,,,,,,,,,,,,,,,,,,,,,,,,,,,,,,,,,,,,,,,,,,,,,,,,,,,,,,,,,,,,,,,,,,,,,,,,,,,,,,,,,,,,,,,,,,,,,,,,,,,,,,,,,,,,,,,,,,,,,,,,,,,,,,,,,,,,,,,,,,,,,,,,,,,,,,,,,,,,,,,,,,,,,,,,,,,,,,,,,,,,,,,,,,,,,,,,,,,,,,,,,,,,,,,,,,,,,,,,,,,,,,,,,,,,,,,,,,,,,,,,,,,,0.0,0.99956006,3.732E-6,0.999553062,4.665E-6,0.999564258,,,,,,,,,,,,,,,,,,,,,,,,,,,,,,,,,,,,,,,,,,,,,,,,,,,,,,,,,,,,,,,,,,,,,,,,,,,,,,,,,,,,,,,,,,,,,,,,,,,,,,,,,,,,,,,,,,,,,,,,,,,,,,,,,,,,,,,,,,,,,,,,,,,,,,,,,,,,,,,,,,,,,,,,,,,,,,,,,,,,,,,,,,,,,,,,,,,,,,,,,,,,,,,,,,,,,,,,,,,,,,,,,,,,,,,,,,,,,,,,,,,,,,,,,,,0.0,109750.533247429,0.0,109750.533240431,0.0,109750.533251627,,,,,,,,,,,,,,,,,,,,,,,,,,,,,,,,,,,,,,,,,,,,,,,,,,,,,,,,,,,,,,,,,,,,,,,,,,,,,,,,,,,,,,,,,,,,,,,,,,,,,,,,,,,,,,,,,,,,,,,,,,,,,,,,,,,,,,,,,,,,,,,,,,,,,,,,,,,,,,,,,,,,,,,,,,,,,,,,,,,,,,,,,,,,,,,,,,,,,,,,,,,,,,,,,,,,,,,,,,,,,,,,,,,,,,,,,,,,,,,,,,,,,,,,,,,0.90625,2.998668983,329251.599739487,0.148,1.0,109750.68124649566
Snap,2,3,309696,20000,40i-0d,-1431263881,1.000350832,123897,0,0,0,78021,14905,0,0,92873,877790,0,0,-1,-1,309587,0.0,-1,-1,0,0,overlapRandom,unknown,putIfAbsent,40i-0d--1,,,0.4i-0.0d-20000,unnamed-Snap-0.4i-0.0d-20000-3,unnamed,391379,393693,402414,,,,,,,,,,,,,,,,,,,,,,,,,,,,,,,,,,,,,,,,,,,,,,,,,,,,,,,,,,,,,,,,,,,,,,,,,,,,,,,,,,,,,,,,,,,,,,,,,,,,,,,,,,,,,,,,,,,,,,,,,,,,,,0.0,0.21875,0.0,0.28125,0.0,0.4375,,,,,,,,,,,,,,,,,,,,,,,,,,,,,,,,,,,,,,,,,,,,,,,,,,,,,,,,,,,,,,,,,,,,,,,,,,,,,,,,,,,,,,,,,,,,,,,,,,,,,,,,,,,,,,,,,,,,,,,,,,,,,,,,,,,,,,,,,,,,,,,,,,,,,,,,,,,,,,,,,,,,,,,,,,,,,,,,,,,,,,,,,,,,,,,,,,,,,,,,,,,,,,,,,,,,,,,,,,,,,,,,,,,,,,,,,,,,,,,,,,,,,,,,,,,1.1197E-5,0.999961745,1.353E-5,0.999969209,0.0,0.999975741,,,,,,,,,,,,,,,,,,,,,,,,,,,,,,,,,,,,,,,,,,,,,,,,,,,,,,,,,,,,,,,,,,,,,,,,,,,,,,,,,,,,,,,,,,,,,,,,,,,,,,,,,,,,,,,,,,,,,,,,,,,,,,,,,,,,,,,,,,,,,,,,,,,,,,,,,,,,,,,,,,,,,,,,,,,,,,,,,,,,,,,,,,,,,,,,,,,,,,,,,,,,,,,,,,,,,,,,,,,,,,,,,,,,,,,,,,,,,,,,,,,,,,,,,,,0.0,109751.616255667,0.0,109751.616263131,0.0,109751.616269663,,,,,,,,,,,,,,,,,,,,,,,,,,,,,,,,,,,,,,,,,,,,,,,,,,,,,,,,,,,,,,,,,,,,,,,,,,,,,,,,,,,,,,,,,,,,,,,,,,,,,,,,,,,,,,,,,,,,,,,,,,,,,,,,,,,,,,,,,,,,,,,,,,,,,,,,,,,,,,,,,,,,,,,,,,,,,,,,,,,,,,,,,,,,,,,,,,,,,,,,,,,,,,,,,,,,,,,,,,,,,,,,,,,,,,,,,,,,,,,,,,,,,,,,,,,0.9375,2.999881968,329254.848788461,0.0,1.0,109751.61626282033
Snap,3,3,292640,20000,40i-0d,1850725306,1.000522982,116979,0,0,0,72837,14985,0,0,87839,805042,0,0,-1,-1,292487,0.0,-1,-1,0,0,overlapRandom,unknown,putIfAbsent,40i-0d--1,,,0.4i-0.0d-20000,unnamed-Snap-0.4i-0.0d-20000-3,unnamed,369836,364260,363586,,,,,,,,,,,,,,,,,,,,,,,,,,,,,,,,,,,,,,,,,,,,,,,,,,,,,,,,,,,,,,,,,,,,,,,,,,,,,,,,,,,,,,,,,,,,,,,,,,,,,,,,,,,,,,,,,,,,,,,,,,,,,,0.0,0.359375,0.0,0.234375,0.0,0.21875,,,,,,,,,,,,,,,,,,,,,,,,,,,,,,,,,,,,,,,,,,,,,,,,,,,,,,,,,,,,,,,,,,,,,,,,,,,,,,,,,,,,,,,,,,,,,,,,,,,,,,,,,,,,,,,,,,,,,,,,,,,,,,,,,,,,,,,,,,,,,,,,,,,,,,,,,,,,,,,,,,,,,,,,,,,,,,,,,,,,,,,,,,,,,,,,,,,,,,,,,,,,,,,,,,,,,,,,,,,,,,,,,,,,,,,,,,,,,,,,,,,,,,,,,,,6.532E-6,1.000181015,2.5193E-5,1.000164686,0.0,1.000174483,,,,,,,,,,,,,,,,,,,,,,,,,,,,,,,,,,,,,,,,,,,,,,,,,,,,,,,,,,,,,,,,,,,,,,,,,,,,,,,,,,,,,,,,,,,,,,,,,,,,,,,,,,,,,,,,,,,,,,,,,,,,,,,,,,,,,,,,,,,,,,,,,,,,,,,,,,,,,,,,,,,,,,,,,,,,,,,,,,,,,,,,,,,,,,,,,,,,,,,,,,,,,,,,,,,,,,,,,,,,,,,,,,,,,,,,,,,,,,,,,,,,,,,,,,,0.0,109752.836209816,0.0,109752.836193487,0.0,109752.836203284,,,,,,,,,,,,,,,,,,,,,,,,,,,,,,,,,,,,,,,,,,,,,,,,,,,,,,,,,,,,,,,,,,,,,,,,,,,,,,,,,,,,,,,,,,,,,,,,,,,,,,,,,,,,,,,,,,,,,,,,,,,,,,,,,,,,,,,,,,,,,,,,,,,,,,,,,,,,,,,,,,,,,,,,,,,,,,,,,,,,,,,,,,,,,,,,,,,,,,,,,,,,,,,,,,,,,,,,,,,,,,,,,,,,,,,,,,,,,,,,,,,,,,,,,,,0.8125,3.000488459,329258.508606587,0.0,1.0,109752.83620219567
Snap,4,3,224522,20000,40i-0d,-208233727,0.999950081,90114,0,0,0,52423,14740,0,0,67245,581416,0,0,-1,-1,224533,0.0,-1,-1,0,0,overlapRandom,unknown,putIfAbsent,40i-0d--1,,,0.4i-0.0d-20000,unnamed-Snap-0.4i-0.0d-20000-3,unnamed,268583,269530,267825,,,,,,,,,,,,,,,,,,,,,,,,,,,,,,,,,,,,,,,,,,,,,,,,,,,,,,,,,,,,,,,,,,,,,,,,,,,,,,,,,,,,,,,,,,,,,,,,,,,,,,,,,,,,,,,,,,,,,,,,,,,,,,0.0,0.21875,0.0,0.25,0.0,0.328125,,,,,,,,,,,,,,,,,,,,,,,,,,,,,,,,,,,,,,,,,,,,,,,,,,,,,,,,,,,,,,,,,,,,,,,,,,,,,,,,,,,,,,,,,,,,,,,,,,,,,,,,,,,,,,,,,,,,,,,,,,,,,,,,,,,,,,,,,,,,,,,,,,,,,,,,,,,,,,,,,,,,,,,,,,,,,,,,,,,,,,,,,,,,,,,,,,,,,,,,,,,,,,,,,,,,,,,,,,,,,,,,,,,,,,,,,,,,,,,,,,,,,,,,,,,4.1054E-5,0.9995358,5.1785E-5,0.999547463,0.0,0.999542798,,,,,,,,,,,,,,,,,,,,,,,,,,,,,,,,,,,,,,,,,,,,,,,,,,,,,,,,,,,,,,,,,,,,,,,,,,,,,,,,,,,,,,,,,,,,,,,,,,,,,,,,,,,,,,,,,,,,,,,,,,,,,,,,,,,,,,,,,,,,,,,,,,,,,,,,,,,,,,,,,,,,,,,,,,,,,,,,,,,,,,,,,,,,,,,,,,,,,,,,,,,,,,,,,,,,,,,,,,,,,,,,,,,,,,,,,,,,,,,,,,,,,,,,,,,0.0,109754.133180528,0.0,109754.133192191,0.0,109754.133187526,,,,,,,,,,,,,,,,,,,,,,,,,,,,,,,,,,,,,,,,,,,,,,,,,,,,,,,,,,,,,,,,,,,,,,,,,,,,,,,,,,,,,,,,,,,,,,,,,,,,,,,,,,,,,,,,,,,,,,,,,,,,,,,,,,,,,,,,,,,,,,,,,,,,,,,,,,,,,,,,,,,,,,,,,,,,,,,,,,,,,,,,,,,,,,,,,,,,,,,,,,,,,,,,,,,,,,,,,,,,,,,,,,,,,,,,,,,,,,,,,,,,,,,,,,,0.796875,2.998533222,329262.399560245,0.0,1.0,109754.13318674832
Snap,5,3,225717,20000,40i-0d,1976668361,1.000686736,90364,0,0,0,52735,14901,0,0,67717,593709,0,0,-1,-1,225562,0.0,-1,-1,0,0,overlapRandom,unknown,putIfAbsent,40i-0d--1,,,0.4i-0.0d-20000,unnamed-Snap-0.4i-0.0d-20000-3,unnamed,284117,268170,267139,,,,,,,,,,,,,,,,,,,,,,,,,,,,,,,,,,,,,,,,,,,,,,,,,,,,,,,,,,,,,,,,,,,,,,,,,,,,,,,,,,,,,,,,,,,,,,,,,,,,,,,,,,,,,,,,,,,,,,,,,,,,,,0.0,0.359375,0.0,0.3125,0.0,0.234375,,,,,,,,,,,,,,,,,,,,,,,,,,,,,,,,,,,,,,,,,,,,,,,,,,,,,,,,,,,,,,,,,,,,,,,,,,,,,,,,,,,,,,,,,,,,,,,,,,,,,,,,,,,,,,,,,,,,,,,,,,,,,,,,,,,,,,,,,,,,,,,,,,,,,,,,,,,,,,,,,,,,,,,,,,,,,,,,,,,,,,,,,,,,,,,,,,,,,,,,,,,,,,,,,,,,,,,,,,,,,,,,,,,,,,,,,,,,,,,,,,,,,,,,,,,4.7586E-5,1.000245863,5.0386E-5,1.000241664,0.0,1.0002314,,,,,,,,,,,,,,,,,,,,,,,,,,,,,,,,,,,,,,,,,,,,,,,,,,,,,,,,,,,,,,,,,,,,,,,,,,,,,,,,,,,,,,,,,,,,,,,,,,,,,,,,,,,,,,,,,,,,,,,,,,,,,,,,,,,,,,,,,,,,,,,,,,,,,,,,,,,,,,,,,,,,,,,,,,,,,,,,,,,,,,,,,,,,,,,,,,,,,,,,,,,,,,,,,,,,,,,,,,,,,,,,,,,,,,,,,,,,,,,,,,,,,,,,,,,0.0,109755.337432131,0.0,109755.337427932,0.0,109755.337417668,,,,,,,,,,,,,,,,,,,,,,,,,,,,,,,,,,,,,,,,,,,,,,,,,,,,,,,,,,,,,,,,,,,,,,,,,,,,,,,,,,,,,,,,,,,,,,,,,,,,,,,,,,,,,,,,,,,,,,,,,,,,,,,,,,,,,,,,,,,,,,,,,,,,,,,,,,,,,,,,,,,,,,,,,,,,,,,,,,,,,,,,,,,,,,,,,,,,,,,,,,,,,,,,,,,,,,,,,,,,,,,,,,,,,,,,,,,,,,,,,,,,,,,,,,,0.90625,3.000620955,329266.012277731,0.0,1.0,109755.33742591033
Snap,6,3,231743,20000,40i-0d,1382813444,1.000332638,92614,0,0,0,54760,14657,0,0,69712,614338,0,0,-1,-1,231665,0.0,-1,-1,0,0,overlapRandom,unknown,putIfAbsent,40i-0d--1,,,0.4i-0.0d-20000,unnamed-Snap-0.4i-0.0d-20000-3,unnamed,288735,277918,279428,,,,,,,,,,,,,,,,,,,,,,,,,,,,,,,,,,,,,,,,,,,,,,,,,,,,,,,,,,,,,,,,,,,,,,,,,,,,,,,,,,,,,,,,,,,,,,,,,,,,,,,,,,,,,,,,,,,,,,,,,,,,,,0.0,0.359375,0.0,0.25,0.0,0.3125,,,,,,,,,,,,,,,,,,,,,,,,,,,,,,,,,,,,,,,,,,,,,,,,,,,,,,,,,,,,,,,,,,,,,,,,,,,,,,,,,,,,,,,,,,,,,,,,,,,,,,,,,,,,,,,,,,,,,,,,,,,,,,,,,,,,,,,,,,,,,,,,,,,,,,,,,,,,,,,,,,,,,,,,,,,,,,,,,,,,,,,,,,,,,,,,,,,,,,,,,,,,,,,,,,,,,,,,,,,,,,,,,,,,,,,,,,,,,,,,,,,,,,,,,,,4.3388E-5,0.999886166,4.6653E-5,0.999894564,0.0,0.999903428,,,,,,,,,,,,,,,,,,,,,,,,,,,,,,,,,,,,,,,,,,,,,,,,,,,,,,,,,,,,,,,,,,,,,,,,,,,,,,,,,,,,,,,,,,,,,,,,,,,,,,,,,,,,,,,,,,,,,,,,,,,,,,,,,,,,,,,,,,,,,,,,,,,,,,,,,,,,,,,,,,,,,,,,,,,,,,,,,,,,,,,,,,,,,,,,,,,,,,,,,,,,,,,,,,,,,,,,,,,,,,,,,,,,,,,,,,,,,,,,,,,,,,,,,,,0.0,109756.542292558,0.0,109756.542300956,0.0,109756.54230982,,,,,,,,,,,,,,,,,,,,,,,,,,,,,,,,,,,,,,,,,,,,,,,,,,,,,,,,,,,,,,,,,,,,,,,,,,,,,,,,,,,,,,,,,,,,,,,,,,,,,,,,,,,,,,,,,,,,,,,,,,,,,,,,,,,,,,,,,,,,,,,,,,,,,,,,,,,,,,,,,,,,,,,,,,,,,,,,,,,,,,,,,,,,,,,,,,,,,,,,,,,,,,,,,,,,,,,,,,,,,,,,,,,,,,,,,,,,,,,,,,,,,,,,,,,0.921875,2.999594117,329269.626903334,0.0,1.0,109756.54230111133
Snap,7,3,235542,20000,40i-0d,-1730138217,1.000016795,93933,0,0,0,55584,14937,0,0,71088,642766,0,0,-1,-1,235538,0.0,-1,-1,0,0,overlapRandom,unknown,putIfAbsent,40i-0d--1,,,0.4i-0.0d-20000,unnamed-Snap-0.4i-0.0d-20000-3,unnamed,293472,284642,300194,,,,,,,,,,,,,,,,,,,,,,,,,,,,,,,,,,,,,,,,,,,,,,,,,,,,,,,,,,,,,,,,,,,,,,,,,,,,,,,,,,,,,,,,,,,,,,,,,,,,,,,,,,,,,,,,,,,,,,,,,,,,,,0.0,0.265625,0.0,0.328125,0.0,0.28125,,,,,,,,,,,,,,,,,,,,,,,,,,,,,,,,,,,,,,,,,,,,,,,,,,,,,,,,,,,,,,,,,,,,,,,,,,,,,,,,,,,,,,,,,,,,,,,,,,,,,,,,,,,,,,,,,,,,,,,,,,,,,,,,,,,,,,,,,,,,,,,,,,,,,,,,,,,,,,,,,,,,,,,,,,,,,,,,,,,,,,,,,,,,,,,,,,,,,,,,,,,,,,,,,,,,,,,,,,,,,,,,,,,,,,,,,,,,,,,,,,,,,,,,,,,3.8722E-5,0.999635638,5.1785E-5,0.999625841,0.0,0.999641703,,,,,,,,,,,,,,,,,,,,,,,,,,,,,,,,,,,,,,,,,,,,,,,,,,,,,,,,,,,,,,,,,,,,,,,,,,,,,,,,,,,,,,,,,,,,,,,,,,,,,,,,,,,,,,,,,,,,,,,,,,,,,,,,,,,,,,,,,,,,,,,,,,,,,,,,,,,,,,,,,,,,,,,,,,,,,,,,,,,,,,,,,,,,,,,,,,,,,,,,,,,,,,,,,,,,,,,,,,,,,,,,,,,,,,,,,,,,,,,,,,,,,,,,,,,0.0,109757.750048752,0.0,109757.750038955,0.0,109757.750054817,,,,,,,,,,,,,,,,,,,,,,,,,,,,,,,,,,,,,,,,,,,,,,,,,,,,,,,,,,,,,,,,,,,,,,,,,,,,,,,,,,,,,,,,,,,,,,,,,,,,,,,,,,,,,,,,,,,,,,,,,,,,,,,,,,,,,,,,,,,,,,,,,,,,,,,,,,,,,,,,,,,,,,,,,,,,,,,,,,,,,,,,,,,,,,,,,,,,,,,,,,,,,,,,,,,,,,,,,,,,,,,,,,,,,,,,,,,,,,,,,,,,,,,,,,,0.875,2.998812675,329273.250142524,0.0,1.0,109757.750047508
Snap,8,3,245559,20000,40i-0d,-1487058261,1.000498256,98106,0,0,0,58834,14614,0,0,74005,650786,0,0,-1,-1,245436,0.0,-1,-1,0,0,overlapRandom,unknown,putIfAbsent,40i-0d--1,,,0.4i-0.0d-20000,unnamed-Snap-0.4i-0.0d-20000-3,unnamed,301036,297343,297966,,,,,,,,,,,,,,,,,,,,,,,,,,,,,,,,,,,,,,,,,,,,,,,,,,,,,,,,,,,,,,,,,,,,,,,,,,,,,,,,,,,,,,,,,,,,,,,,,,,,,,,,,,,,,,,,,,,,,,,,,,,,,,0.0,0.3125,0.0,0.25,0.0,0.3125,,,,,,,,,,,,,,,,,,,,,,,,,,,,,,,,,,,,,,,,,,,,,,,,,,,,,,,,,,,,,,,,,,,,,,,,,,,,,,,,,,,,,,,,,,,,,,,,,,,,,,,,,,,,,,,,,,,,,,,,,,,,,,,,,,,,,,,,,,,,,,,,,,,,,,,,,,,,,,,,,,,,,,,,,,,,,,,,,,,,,,,,,,,,,,,,,,,,,,,,,,,,,,,,,,,,,,,,,,,,,,,,,,,,,,,,,,,,,,,,,,,,,,,,,,,4.1988E-5,1.000076511,5.505E-5,1.000084909,0.0,1.00007931,,,,,,,,,,,,,,,,,,,,,,,,,,,,,,,,,,,,,,,,,,,,,,,,,,,,,,,,,,,,,,,,,,,,,,,,,,,,,,,,,,,,,,,,,,,,,,,,,,,,,,,,,,,,,,,,,,,,,,,,,,,,,,,,,,,,,,,,,,,,,,,,,,,,,,,,,,,,,,,,,,,,,,,,,,,,,,,,,,,,,,,,,,,,,,,,,,,,,,,,,,,,,,,,,,,,,,,,,,,,,,,,,,,,,,,,,,,,,,,,,,,,,,,,,,,0.0,109758.96295593,0.0,109758.962964328,0.0,109758.962958729,,,,,,,,,,,,,,,,,,,,,,,,,,,,,,,,,,,,,,,,,,,,,,,,,,,,,,,,,,,,,,,,,,,,,,,,,,,,,,,,,,,,,,,,,,,,,,,,,,,,,,,,,,,,,,,,,,,,,,,,,,,,,,,,,,,,,,,,,,,,,,,,,,,,,,,,,,,,,,,,,,,,,,,,,,,,,,,,,,,,,,,,,,,,,,,,,,,,,,,,,,,,,,,,,,,,,,,,,,,,,,,,,,,,,,,,,,,,,,,,,,,,,,,,,,,0.875,3.000143692,329276.888878987,0.0,1.0,109758.96295966233
Snap,9,3,239958,20000,40i-0d,-187838584,0.999763002,95904,0,0,0,57159,14920,0,0,71975,628859,0,0,-1,-1,240014,0.0,-1,-1,19815,0,overlapRandom,unknown,putIfAbsent,40i-0d--1,,,0.4i-0.0d-20000,unnamed-Snap-0.4i-0.0d-20000-3,unnamed,290290,288914,289613,,,,,,,,,,,,,,,,,,,,,,,,,,,,,,,,,,,,,,,,,,,,,,,,,,,,,,,,,,,,,,,,,,,,,,,,,,,,,,,,,,,,,,,,,,,,,,,,,,,,,,,,,,,,,,,,,,,,,,,,,,,,,,0.0,0.296875,0.0,0.28125,0.0,0.265625,,,,,,,,,,,,,,,,,,,,,,,,,,,,,,,,,,,,,,,,,,,,,,,,,,,,,,,,,,,,,,,,,,,,,,,,,,,,,,,,,,,,,,,,,,,,,,,,,,,,,,,,,,,,,,,,,,,,,,,,,,,,,,,,,,,,,,,,,,,,,,,,,,,,,,,,,,,,,,,,,,,,,,,,,,,,,,,,,,,,,,,,,,,,,,,,,,,,,,,,,,,,,,,,,,,,,,,,,,,,,,,,,,,,,,,,,,,,,,,,,,,,,,,,,,,4.2921E-5,0.999369715,4.572E-5,0.999362717,0.0,0.999374846,,,,,,,,,,,,,,,,,,,,,,,,,,,,,,,,,,,,,,,,,,,,,,,,,,,,,,,,,,,,,,,,,,,,,,,,,,,,,,,,,,,,,,,,,,,,,,,,,,,,,,,,,,,,,,,,,,,,,,,,,,,,,,,,,,,,,,,,,,,,,,,,,,,,,,,,,,,,,,,,,,,,,,,,,,,,,,,,,,,,,,,,,,,,,,,,,,,,,,,,,,,,,,,,,,,,,,,,,,,,,,,,,,,,,,,,,,,,,,,,,,,,,,,,,,,0.0,109760.171644256,0.0,109760.171637258,0.0,109760.171649387,,,,,,,,,,,,,,,,,,,,,,,,,,,,,,,,,,,,,,,,,,,,,,,,,,,,,,,,,,,,,,,,,,,,,,,,,,,,,,,,,,,,,,,,,,,,,,,,,,,,,,,,,,,,,,,,,,,,,,,,,,,,,,,,,,,,,,,,,,,,,,,,,,,,,,,,,,,,,,,,,,,,,,,,,,,,,,,,,,,,,,,,,,,,,,,,,,,,,,,,,,,,,,,,,,,,,,,,,,,,,,,,,,,,,,,,,,,,,,,,,,,,,,,,,,,0.84375,2.998018637,329280.514930901,0.0,1.0,109760.17164363367
