name,trial,nthreads,threadops,maxkey,ratio,seed,time,ninstrue,ninsfalse,ndeltrue,ndelfalse,nfindtrue,nfindfalse,nrqtrue,nrqfalse,nsnaptrue,nsnapfalse,rqsize,snapsize,throughput,avgnodedepth,noise,balanceprob,nnodes,initnnodes,factoryname,helpedothers,method,experiment,dummy,dummy,merged-experiment,row,machine,thread0ops,thread1ops,thread2ops,thread3ops,thread4ops,thread5ops,thread6ops,thread7ops,thread8ops,thread9ops,thread10ops,thread11ops,thread12ops,thread13ops,thread14ops,thread15ops,thread16ops,thread17ops,thread18ops,thread19ops,thread20ops,thread21ops,thread22ops,thread23ops,thread24ops,thread25ops,thread26ops,thread27ops,thread28ops,thread29ops,thread30ops,thread31ops,thread32ops,thread33ops,thread34ops,thread35ops,thread36ops,thread37ops,thread38ops,thread39ops,thread40ops,thread41ops,thread42ops,thread43ops,thread44ops,thread45ops,thread46ops,thread47ops,thread48ops,thread49ops,thread50ops,thread51ops,thread52ops,thread53ops,thread54ops,thread55ops,thread56ops,thread57ops,thread58ops,thread59ops,thread60ops,thread61ops,thread62ops,thread63ops,thread64ops,thread65ops,thread66ops,thread67ops,thread68ops,thread69ops,thread70ops,thread71ops,thread72ops,thread73ops,thread74ops,thread75ops,thread76ops,thread77ops,thread78ops,thread79ops,thread80ops,thread81ops,thread82ops,thread83ops,thread84ops,thread85ops,thread86ops,thread87ops,thread88ops,thread89ops,thread90ops,thread91ops,thread92ops,thread93ops,thread94ops,thread95ops,thread96ops,thread97ops,thread98ops,thread99ops,thread100ops,thread101ops,thread102ops,thread103ops,thread104ops,thread105ops,thread106ops,thread107ops,thread108ops,thread109ops,thread110ops,thread111ops,thread112ops,thread113ops,thread114ops,thread115ops,thread116ops,thread117ops,thread118ops,thread119ops,thread120ops,thread121ops,thread122ops,thread123ops,thread124ops,thread125ops,thread126ops,thread127ops,thread0userstart,thread0userend,thread1userstart,thread1userend,thread2userstart,thread2userend,thread3userstart,thread3userend,thread4userstart,thread4userend,thread5userstart,thread5userend,thread6userstart,thread6userend,thread7userstart,thread7userend,thread8userstart,thread8userend,thread9userstart,thread9userend,thread10userstart,thread10userend,thread11userstart,thread11userend,thread12userstart,thread12userend,thread13userstart,thread13userend,thread14userstart,thread14userend,thread15userstart,thread15userend,thread16userstart,thread16userend,thread17userstart,thread17userend,thread18userstart,thread18userend,thread19userstart,thread19userend,thread20userstart,thread20userend,thread21userstart,thread21userend,thread22userstart,thread22userend,thread23userstart,thread23userend,thread24userstart,thread24userend,thread25userstart,thread25userend,thread26userstart,thread26userend,thread27userstart,thread27userend,thread28userstart,thread28userend,thread29userstart,thread29userend,thread30userstart,thread30userend,thread31userstart,thread31userend,thread32userstart,thread32userend,thread33userstart,thread33userend,thread34userstart,thread34userend,thread35userstart,thread35userend,thread36userstart,thread36userend,thread37userstart,thread37userend,thread38userstart,thread38userend,thread39userstart,thread39userend,thread40userstart,thread40userend,thread41userstart,thread41userend,thread42userstart,thread42userend,thread43userstart,thread43userend,thread44userstart,thread44userend,thread45userstart,thread45userend,thread46userstart,thread46userend,thread47userstart,thread47userend,thread48userstart,thread48userend,thread49userstart,thread49userend,thread50userstart,thread50userend,thread51userstart,thread51userend,thread52userstart,thread52userend,thread53userstart,thread53userend,thread54userstart,thread54userend,thread55userstart,thread55userend,thread56userstart,thread56userend,thread57userstart,thread57userend,thread58userstart,thread58userend,thread59userstart,thread59userend,thread60userstart,thread60userend,thread61userstart,thread61userend,thread62userstart,thread62userend,thread63userstart,thread63userend,thread64userstart,thread64userend,thread65userstart,thread65userend,thread66userstart,thread66userend,thread67userstart,thread67userend,thread68userstart,thread68userend,thread69userstart,thread69userend,thread70userstart,thread70userend,thread71userstart,thread71userend,thread72userstart,thread72userend,thread73userstart,thread73userend,thread74userstart,thread74userend,thread75userstart,thread75userend,thread76userstart,thread76userend,thread77userstart,thread77userend,thread78userstart,thread78userend,thread79userstart,thread79userend,thread80userstart,thread80userend,thread81userstart,thread81userend,thread82userstart,thread82userend,thread83userstart,thread83userend,thread84userstart,thread84userend,thread85userstart,thread85userend,thread86userstart,thread86userend,thread87userstart,thread87userend,thread88userstart,thread88userend,thread89userstart,thread89userend,thread90userstart,thread90userend,thread91userstart,thread91userend,thread92userstart,thread92userend,thread93userstart,thread93userend,thread94userstart,thread94userend,thread95userstart,thread95userend,thread96userstart,thread96userend,thread97userstart,thread97userend,thread98userstart,thread98userend,thread99userstart,thread99userend,thread100userstart,thread100userend,thread101userstart,thread101userend,thread102userstart,thread102userend,thread103userstart,thread103userend,thread104userstart,thread104userend,thread105userstart,thread105userend,thread106userstart,thread106userend,thread107userstart,thread107userend,thread108userstart,thread108userend,thread109userstart,thread109userend,thread110userstart,thread110userend,thread111userstart,thread111userend,thread112userstart,thread112userend,thread113userstart,thread113userend,thread114userstart,thread114userend,thread115userstart,thread115userend,thread116userstart,thread116userend,thread117userstart,thread117userend,thread118userstart,thread118userend,thread119userstart,thread119userend,thread120userstart,thread120userend,thread121userstart,thread121userend,thread122userstart,thread122userend,thread123userstart,thread123userend,thread124userstart,thread124userend,thread125userstart,thread125userend,thread126userstart,thread126userend,thread127userstart,thread127userend,thread0wallstart,thread0wallend,thread1wallstart,thread1wallend,thread2wallstart,thread2wallend,thread3wallstart,thread3wallend,thread4wallstart,thread4wallend,thread5wallstart,thread5wallend,thread6wallstart,thread6wallend,thread7wallstart,thread7wallend,thread8wallstart,thread8wallend,thread9wallstart,thread9wallend,thread10wallstart,thread10wallend,thread11wallstart,thread11wallend,thread12wallstart,thread12wallend,thread13wallstart,thread13wallend,thread14wallstart,thread14wallend,thread15wallstart,thread15wallend,thread16wallstart,thread16wallend,thread17wallstart,thread17wallend,thread18wallstart,thread18wallend,thread19wallstart,thread19wallend,thread20wallstart,thread20wallend,thread21wallstart,thread21wallend,thread22wallstart,thread22wallend,thread23wallstart,thread23wallend,thread24wallstart,thread24wallend,thread25wallstart,thread25wallend,thread26wallstart,thread26wallend,thread27wallstart,thread27wallend,thread28wallstart,thread28wallend,thread29wallstart,thread29wallend,thread30wallstart,thread30wallend,thread31wallstart,thread31wallend,thread32wallstart,thread32wallend,thread33wallstart,thread33wallend,thread34wallstart,thread34wallend,thread35wallstart,thread35wallend,thread36wallstart,thread36wallend,thread37wallstart,thread37wallend,thread38wallstart,thread38wallend,thread39wallstart,thread39wallend,thread40wallstart,thread40wallend,thread41wallstart,thread41wallend,thread42wallstart,thread42wallend,thread43wallstart,thread43wallend,thread44wallstart,thread44wallend,thread45wallstart,thread45wallend,thread46wallstart,thread46wallend,thread47wallstart,thread47wallend,thread48wallstart,thread48wallend,thread49wallstart,thread49wallend,thread50wallstart,thread50wallend,thread51wallstart,thread51wallend,thread52wallstart,thread52wallend,thread53wallstart,thread53wallend,thread54wallstart,thread54wallend,thread55wallstart,thread55wallend,thread56wallstart,thread56wallend,thread57wallstart,thread57wallend,thread58wallstart,thread58wallend,thread59wallstart,thread59wallend,thread60wallstart,thread60wallend,thread61wallstart,thread61wallend,thread62wallstart,thread62wallend,thread63wallstart,thread63wallend,thread64wallstart,thread64wallend,thread65wallstart,thread65wallend,thread66wallstart,thread66wallend,thread67wallstart,thread67wallend,thread68wallstart,thread68wallend,thread69wallstart,thread69wallend,thread70wallstart,thread70wallend,thread71wallstart,thread71wallend,thread72wallstart,thread72wallend,thread73wallstart,thread73wallend,thread74wallstart,thread74wallend,thread75wallstart,thread75wallend,thread76wallstart,thread76wallend,thread77wallstart,thread77wallend,thread78wallstart,thread78wallend,thread79wallstart,thread79wallend,thread80wallstart,thread80wallend,thread81wallstart,thread81wallend,thread82wallstart,thread82wallend,thread83wallstart,thread83wallend,thread84wallstart,thread84wallend,thread85wallstart,thread85wallend,thread86wallstart,thread86wallend,thread87wallstart,thread87wallend,thread88wallstart,thread88wallend,thread89wallstart,thread89wallend,thread90wallstart,thread90wallend,thread91wallstart,thread91wallend,thread92wallstart,thread92wallend,thread93wallstart,thread93wallend,thread94wallstart,thread94wallend,thread95wallstart,thread95wallend,thread96wallstart,thread96wallend,thread97wallstart,thread97wallend,thread98wallstart,thread98wallend,thread99wallstart,thread99wallend,thread100wallstart,thread100wallend,thread101wallstart,thread101wallend,thread102wallstart,thread102wallend,thread103wallstart,thread103wallend,thread104wallstart,thread104wallend,thread105wallstart,thread105wallend,thread106wallstart,thread106wallend,thread107wallstart,thread107wallend,thread108wallstart,thread108wallend,thread109wallstart,thread109wallend,thread110wallstart,thread110wallend,thread111wallstart,thread111wallend,thread112wallstart,thread112wallend,thread113wallstart,thread113wallend,thread114wallstart,thread114wallend,thread115wallstart,thread115wallend,thread116wallstart,thread116wallend,thread117wallstart,thread117wallend,thread118wallstart,thread118wallend,thread119wallstart,thread119wallend,thread120wallstart,thread120wallend,thread121wallstart,thread121wallend,thread122wallstart,thread122wallend,thread123wallstart,thread123wallend,thread124wallstart,thread124wallend,thread125wallstart,thread125wallend,thread126wallstart,thread126wallend,thread127wallstart,thread127wallend,thread0cpustart,thread0cpuend,thread1cpustart,thread1cpuend,thread2cpustart,thread2cpuend,thread3cpustart,thread3cpuend,thread4cpustart,thread4cpuend,thread5cpustart,thread5cpuend,thread6cpustart,thread6cpuend,thread7cpustart,thread7cpuend,thread8cpustart,thread8cpuend,thread9cpustart,thread9cpuend,thread10cpustart,thread10cpuend,thread11cpustart,thread11cpuend,thread12cpustart,thread12cpuend,thread13cpustart,thread13cpuend,thread14cpustart,thread14cpuend,thread15cpustart,thread15cpuend,thread16cpustart,thread16cpuend,thread17cpustart,thread17cpuend,thread18cpustart,thread18cpuend,thread19cpustart,thread19cpuend,thread20cpustart,thread20cpuend,thread21cpustart,thread21cpuend,thread22cpustart,thread22cpuend,thread23cpustart,thread23cpuend,thread24cpustart,thread24cpuend,thread25cpustart,thread25cpuend,thread26cpustart,thread26cpuend,thread27cpustart,thread27cpuend,thread28cpustart,thread28cpuend,thread29cpustart,thread29cpuend,thread30cpustart,thread30cpuend,thread31cpustart,thread31cpuend,thread32cpustart,thread32cpuend,thread33cpustart,thread33cpuend,thread34cpustart,thread34cpuend,thread35cpustart,thread35cpuend,thread36cpustart,thread36cpuend,thread37cpustart,thread37cpuend,thread38cpustart,thread38cpuend,thread39cpustart,thread39cpuend,thread40cpustart,thread40cpuend,thread41cpustart,thread41cpuend,thread42cpustart,thread42cpuend,thread43cpustart,thread43cpuend,thread44cpustart,thread44cpuend,thread45cpustart,thread45cpuend,thread46cpustart,thread46cpuend,thread47cpustart,thread47cpuend,thread48cpustart,thread48cpuend,thread49cpustart,thread49cpuend,thread50cpustart,thread50cpuend,thread51cpustart,thread51cpuend,thread52cpustart,thread52cpuend,thread53cpustart,thread53cpuend,thread54cpustart,thread54cpuend,thread55cpustart,thread55cpuend,thread56cpustart,thread56cpuend,thread57cpustart,thread57cpuend,thread58cpustart,thread58cpuend,thread59cpustart,thread59cpuend,thread60cpustart,thread60cpuend,thread61cpustart,thread61cpuend,thread62cpustart,thread62cpuend,thread63cpustart,thread63cpuend,thread64cpustart,thread64cpuend,thread65cpustart,thread65cpuend,thread66cpustart,thread66cpuend,thread67cpustart,thread67cpuend,thread68cpustart,thread68cpuend,thread69cpustart,thread69cpuend,thread70cpustart,thread70cpuend,thread71cpustart,thread71cpuend,thread72cpustart,thread72cpuend,thread73cpustart,thread73cpuend,thread74cpustart,thread74cpuend,thread75cpustart,thread75cpuend,thread76cpustart,thread76cpuend,thread77cpustart,thread77cpuend,thread78cpustart,thread78cpuend,thread79cpustart,thread79cpuend,thread80cpustart,thread80cpuend,thread81cpustart,thread81cpuend,thread82cpustart,thread82cpuend,thread83cpustart,thread83cpuend,thread84cpustart,thread84cpuend,thread85cpustart,thread85cpuend,thread86cpustart,thread86cpuend,thread87cpustart,thread87cpuend,thread88cpustart,thread88cpuend,thread89cpustart,thread89cpuend,thread90cpustart,thread90cpuend,thread91cpustart,thread91cpuend,thread92cpustart,thread92cpuend,thread93cpustart,thread93cpuend,thread94cpustart,thread94cpuend,thread95cpustart,thread95cpuend,thread96cpustart,thread96cpuend,thread97cpustart,thread97cpuend,thread98cpustart,thread98cpuend,thread99cpustart,thread99cpuend,thread100cpustart,thread100cpuend,thread101cpustart,thread101cpuend,thread102cpustart,thread102cpuend,thread103cpustart,thread103cpuend,thread104cpustart,thread104cpuend,thread105cpustart,thread105cpuend,thread106cpustart,thread106cpuend,thread107cpustart,thread107cpuend,thread108cpustart,thread108cpuend,thread109cpustart,thread109cpuend,thread110cpustart,thread110cpuend,thread111cpustart,thread111cpuend,thread112cpustart,thread112cpuend,thread113cpustart,thread113cpuend,thread114cpustart,thread114cpuend,thread115cpustart,thread115cpuend,thread116cpustart,thread116cpuend,thread117cpustart,thread117cpuend,thread118cpustart,thread118cpuend,thread119cpustart,thread119cpuend,thread120cpustart,thread120cpuend,thread121cpustart,thread121cpuend,thread122cpustart,thread122cpuend,thread123cpustart,thread123cpuend,thread124cpustart,thread124cpuend,thread125cpustart,thread125cpuend,thread126cpustart,thread126cpuend,thread127cpustart,thread127cpuend,totalelapsedusertime,totalelapsedwalltime,totalelapsedcputime,gctime,nseconds,effectivetimeperthread,restarted
ConcurrentHMAP,0,1,140630498,2000,20i-10d,-1477435736,5.000055517,9377464,18753884,9376140,4689574,65636713,32796723,0,0,0,0,-1,-1,28125787,0.0,-1,-1,0,0,overlapRandom,unknown,putIfAbsent,20i-10d--1,,,0.2i-0.1d-2000,unnamed-ConcurrentHMAP-0.2i-0.1d-2000-1,unnamed,140630498,,,,,,,,,,,,,,,,,,,,,,,,,,,,,,,,,,,,,,,,,,,,,,,,,,,,,,,,,,,,,,,,,,,,,,,,,,,,,,,,,,,,,,,,,,,,,,,,,,,,,,,,,,,,,,,,,,,,,,,,,,,,,,,,0.0,4.953125,,,,,,,,,,,,,,,,,,,,,,,,,,,,,,,,,,,,,,,,,,,,,,,,,,,,,,,,,,,,,,,,,,,,,,,,,,,,,,,,,,,,,,,,,,,,,,,,,,,,,,,,,,,,,,,,,,,,,,,,,,,,,,,,,,,,,,,,,,,,,,,,,,,,,,,,,,,,,,,,,,,,,,,,,,,,,,,,,,,,,,,,,,,,,,,,,,,,,,,,,,,,,,,,,,,,,,,,,,,,,,,,,,,,,,,,,,,,,,,,,,,,,,,,,,,,,,,0.0,4.999748539,,,,,,,,,,,,,,,,,,,,,,,,,,,,,,,,,,,,,,,,,,,,,,,,,,,,,,,,,,,,,,,,,,,,,,,,,,,,,,,,,,,,,,,,,,,,,,,,,,,,,,,,,,,,,,,,,,,,,,,,,,,,,,,,,,,,,,,,,,,,,,,,,,,,,,,,,,,,,,,,,,,,,,,,,,,,,,,,,,,,,,,,,,,,,,,,,,,,,,,,,,,,,,,,,,,,,,,,,,,,,,,,,,,,,,,,,,,,,,,,,,,,,,,,,,,,,,,0.0,77061.513377815,,,,,,,,,,,,,,,,,,,,,,,,,,,,,,,,,,,,,,,,,,,,,,,,,,,,,,,,,,,,,,,,,,,,,,,,,,,,,,,,,,,,,,,,,,,,,,,,,,,,,,,,,,,,,,,,,,,,,,,,,,,,,,,,,,,,,,,,,,,,,,,,,,,,,,,,,,,,,,,,,,,,,,,,,,,,,,,,,,,,,,,,,,,,,,,,,,,,,,,,,,,,,,,,,,,,,,,,,,,,,,,,,,,,,,,,,,,,,,,,,,,,,,,,,,,,,,,4.953125,4.999748539,77061.513377815,0.042,5.0,77061.555377815
ConcurrentHMAP,1,1,134293314,2000,20i-10d,2090500769,5.000780042,8953171,17902732,8951836,4475854,62658269,31351452,0,0,0,0,-1,-1,26854473,0.0,-1,-1,0,0,overlapRandom,unknown,putIfAbsent,20i-10d--1,,,0.2i-0.1d-2000,unnamed-ConcurrentHMAP-0.2i-0.1d-2000-1,unnamed,134293314,,,,,,,,,,,,,,,,,,,,,,,,,,,,,,,,,,,,,,,,,,,,,,,,,,,,,,,,,,,,,,,,,,,,,,,,,,,,,,,,,,,,,,,,,,,,,,,,,,,,,,,,,,,,,,,,,,,,,,,,,,,,,,,,0.0,4.921875,,,,,,,,,,,,,,,,,,,,,,,,,,,,,,,,,,,,,,,,,,,,,,,,,,,,,,,,,,,,,,,,,,,,,,,,,,,,,,,,,,,,,,,,,,,,,,,,,,,,,,,,,,,,,,,,,,,,,,,,,,,,,,,,,,,,,,,,,,,,,,,,,,,,,,,,,,,,,,,,,,,,,,,,,,,,,,,,,,,,,,,,,,,,,,,,,,,,,,,,,,,,,,,,,,,,,,,,,,,,,,,,,,,,,,,,,,,,,,,,,,,,,,,,,,,,,,,0.0,5.000508054,,,,,,,,,,,,,,,,,,,,,,,,,,,,,,,,,,,,,,,,,,,,,,,,,,,,,,,,,,,,,,,,,,,,,,,,,,,,,,,,,,,,,,,,,,,,,,,,,,,,,,,,,,,,,,,,,,,,,,,,,,,,,,,,,,,,,,,,,,,,,,,,,,,,,,,,,,,,,,,,,,,,,,,,,,,,,,,,,,,,,,,,,,,,,,,,,,,,,,,,,,,,,,,,,,,,,,,,,,,,,,,,,,,,,,,,,,,,,,,,,,,,,,,,,,,,,,,0.0,77066.526582081,,,,,,,,,,,,,,,,,,,,,,,,,,,,,,,,,,,,,,,,,,,,,,,,,,,,,,,,,,,,,,,,,,,,,,,,,,,,,,,,,,,,,,,,,,,,,,,,,,,,,,,,,,,,,,,,,,,,,,,,,,,,,,,,,,,,,,,,,,,,,,,,,,,,,,,,,,,,,,,,,,,,,,,,,,,,,,,,,,,,,,,,,,,,,,,,,,,,,,,,,,,,,,,,,,,,,,,,,,,,,,,,,,,,,,,,,,,,,,,,,,,,,,,,,,,,,,,4.921875,5.000508054,77066.526582081,0.043,5.0,77066.569582081
ConcurrentHMAP,2,1,133490781,2000,20i-10d,87289449,5.000264524,8903841,17796003,8902524,4447581,62282547,31158285,0,0,0,0,-1,-1,26696743,0.0,-1,-1,0,0,overlapRandom,unknown,putIfAbsent,20i-10d--1,,,0.2i-0.1d-2000,unnamed-ConcurrentHMAP-0.2i-0.1d-2000-1,unnamed,133490781,,,,,,,,,,,,,,,,,,,,,,,,,,,,,,,,,,,,,,,,,,,,,,,,,,,,,,,,,,,,,,,,,,,,,,,,,,,,,,,,,,,,,,,,,,,,,,,,,,,,,,,,,,,,,,,,,,,,,,,,,,,,,,,,0.0,4.9375,,,,,,,,,,,,,,,,,,,,,,,,,,,,,,,,,,,,,,,,,,,,,,,,,,,,,,,,,,,,,,,,,,,,,,,,,,,,,,,,,,,,,,,,,,,,,,,,,,,,,,,,,,,,,,,,,,,,,,,,,,,,,,,,,,,,,,,,,,,,,,,,,,,,,,,,,,,,,,,,,,,,,,,,,,,,,,,,,,,,,,,,,,,,,,,,,,,,,,,,,,,,,,,,,,,,,,,,,,,,,,,,,,,,,,,,,,,,,,,,,,,,,,,,,,,,,,,0.0,4.999880568,,,,,,,,,,,,,,,,,,,,,,,,,,,,,,,,,,,,,,,,,,,,,,,,,,,,,,,,,,,,,,,,,,,,,,,,,,,,,,,,,,,,,,,,,,,,,,,,,,,,,,,,,,,,,,,,,,,,,,,,,,,,,,,,,,,,,,,,,,,,,,,,,,,,,,,,,,,,,,,,,,,,,,,,,,,,,,,,,,,,,,,,,,,,,,,,,,,,,,,,,,,,,,,,,,,,,,,,,,,,,,,,,,,,,,,,,,,,,,,,,,,,,,,,,,,,,,,0.0,77071.536986219,,,,,,,,,,,,,,,,,,,,,,,,,,,,,,,,,,,,,,,,,,,,,,,,,,,,,,,,,,,,,,,,,,,,,,,,,,,,,,,,,,,,,,,,,,,,,,,,,,,,,,,,,,,,,,,,,,,,,,,,,,,,,,,,,,,,,,,,,,,,,,,,,,,,,,,,,,,,,,,,,,,,,,,,,,,,,,,,,,,,,,,,,,,,,,,,,,,,,,,,,,,,,,,,,,,,,,,,,,,,,,,,,,,,,,,,,,,,,,,,,,,,,,,,,,,,,,,4.9375,4.999880568,77071.536986219,0.042,5.0,77071.578986219
ConcurrentHMAP,3,1,134068006,2000,20i-10d,-142582106,5.000260325,8936263,17876385,8934915,4470415,62558792,31291236,0,0,0,0,-1,-1,26812205,0.0,-1,-1,0,0,overlapRandom,unknown,putIfAbsent,20i-10d--1,,,0.2i-0.1d-2000,unnamed-ConcurrentHMAP-0.2i-0.1d-2000-1,unnamed,134068006,,,,,,,,,,,,,,,,,,,,,,,,,,,,,,,,,,,,,,,,,,,,,,,,,,,,,,,,,,,,,,,,,,,,,,,,,,,,,,,,,,,,,,,,,,,,,,,,,,,,,,,,,,,,,,,,,,,,,,,,,,,,,,,,0.0,4.90625,,,,,,,,,,,,,,,,,,,,,,,,,,,,,,,,,,,,,,,,,,,,,,,,,,,,,,,,,,,,,,,,,,,,,,,,,,,,,,,,,,,,,,,,,,,,,,,,,,,,,,,,,,,,,,,,,,,,,,,,,,,,,,,,,,,,,,,,,,,,,,,,,,,,,,,,,,,,,,,,,,,,,,,,,,,,,,,,,,,,,,,,,,,,,,,,,,,,,,,,,,,,,,,,,,,,,,,,,,,,,,,,,,,,,,,,,,,,,,,,,,,,,,,,,,,,,,,0.0,5.000073712,,,,,,,,,,,,,,,,,,,,,,,,,,,,,,,,,,,,,,,,,,,,,,,,,,,,,,,,,,,,,,,,,,,,,,,,,,,,,,,,,,,,,,,,,,,,,,,,,,,,,,,,,,,,,,,,,,,,,,,,,,,,,,,,,,,,,,,,,,,,,,,,,,,,,,,,,,,,,,,,,,,,,,,,,,,,,,,,,,,,,,,,,,,,,,,,,,,,,,,,,,,,,,,,,,,,,,,,,,,,,,,,,,,,,,,,,,,,,,,,,,,,,,,,,,,,,,,0.0,77076.546250619,,,,,,,,,,,,,,,,,,,,,,,,,,,,,,,,,,,,,,,,,,,,,,,,,,,,,,,,,,,,,,,,,,,,,,,,,,,,,,,,,,,,,,,,,,,,,,,,,,,,,,,,,,,,,,,,,,,,,,,,,,,,,,,,,,,,,,,,,,,,,,,,,,,,,,,,,,,,,,,,,,,,,,,,,,,,,,,,,,,,,,,,,,,,,,,,,,,,,,,,,,,,,,,,,,,,,,,,,,,,,,,,,,,,,,,,,,,,,,,,,,,,,,,,,,,,,,,4.90625,5.000073712,77076.546250619,0.044,5.0,77076.59025061899
ConcurrentHMAP,4,1,133908365,2000,20i-10d,1375913981,5.000376492,8931547,17850194,8930197,4464476,62481185,31250766,0,0,0,0,-1,-1,26779656,0.0,-1,-1,0,0,overlapRandom,unknown,putIfAbsent,20i-10d--1,,,0.2i-0.1d-2000,unnamed-ConcurrentHMAP-0.2i-0.1d-2000-1,unnamed,133908365,,,,,,,,,,,,,,,,,,,,,,,,,,,,,,,,,,,,,,,,,,,,,,,,,,,,,,,,,,,,,,,,,,,,,,,,,,,,,,,,,,,,,,,,,,,,,,,,,,,,,,,,,,,,,,,,,,,,,,,,,,,,,,,,0.0,4.921875,,,,,,,,,,,,,,,,,,,,,,,,,,,,,,,,,,,,,,,,,,,,,,,,,,,,,,,,,,,,,,,,,,,,,,,,,,,,,,,,,,,,,,,,,,,,,,,,,,,,,,,,,,,,,,,,,,,,,,,,,,,,,,,,,,,,,,,,,,,,,,,,,,,,,,,,,,,,,,,,,,,,,,,,,,,,,,,,,,,,,,,,,,,,,,,,,,,,,,,,,,,,,,,,,,,,,,,,,,,,,,,,,,,,,,,,,,,,,,,,,,,,,,,,,,,,,,,0.0,5.000163753,,,,,,,,,,,,,,,,,,,,,,,,,,,,,,,,,,,,,,,,,,,,,,,,,,,,,,,,,,,,,,,,,,,,,,,,,,,,,,,,,,,,,,,,,,,,,,,,,,,,,,,,,,,,,,,,,,,,,,,,,,,,,,,,,,,,,,,,,,,,,,,,,,,,,,,,,,,,,,,,,,,,,,,,,,,,,,,,,,,,,,,,,,,,,,,,,,,,,,,,,,,,,,,,,,,,,,,,,,,,,,,,,,,,,,,,,,,,,,,,,,,,,,,,,,,,,,,0.0,77081.556998125,,,,,,,,,,,,,,,,,,,,,,,,,,,,,,,,,,,,,,,,,,,,,,,,,,,,,,,,,,,,,,,,,,,,,,,,,,,,,,,,,,,,,,,,,,,,,,,,,,,,,,,,,,,,,,,,,,,,,,,,,,,,,,,,,,,,,,,,,,,,,,,,,,,,,,,,,,,,,,,,,,,,,,,,,,,,,,,,,,,,,,,,,,,,,,,,,,,,,,,,,,,,,,,,,,,,,,,,,,,,,,,,,,,,,,,,,,,,,,,,,,,,,,,,,,,,,,,4.921875,5.000163753,77081.556998125,0.044,5.0,77081.600998125
ConcurrentHMAP,5,1,134438668,2000,20i-10d,-317187778,5.000487993,8963546,17928946,8962187,4480711,62731974,31371304,0,0,0,0,-1,-1,26885109,0.0,-1,-1,0,0,overlapRandom,unknown,putIfAbsent,20i-10d--1,,,0.2i-0.1d-2000,unnamed-ConcurrentHMAP-0.2i-0.1d-2000-1,unnamed,134438668,,,,,,,,,,,,,,,,,,,,,,,,,,,,,,,,,,,,,,,,,,,,,,,,,,,,,,,,,,,,,,,,,,,,,,,,,,,,,,,,,,,,,,,,,,,,,,,,,,,,,,,,,,,,,,,,,,,,,,,,,,,,,,,,0.0,4.96875,,,,,,,,,,,,,,,,,,,,,,,,,,,,,,,,,,,,,,,,,,,,,,,,,,,,,,,,,,,,,,,,,,,,,,,,,,,,,,,,,,,,,,,,,,,,,,,,,,,,,,,,,,,,,,,,,,,,,,,,,,,,,,,,,,,,,,,,,,,,,,,,,,,,,,,,,,,,,,,,,,,,,,,,,,,,,,,,,,,,,,,,,,,,,,,,,,,,,,,,,,,,,,,,,,,,,,,,,,,,,,,,,,,,,,,,,,,,,,,,,,,,,,,,,,,,,,,0.0,4.99983858,,,,,,,,,,,,,,,,,,,,,,,,,,,,,,,,,,,,,,,,,,,,,,,,,,,,,,,,,,,,,,,,,,,,,,,,,,,,,,,,,,,,,,,,,,,,,,,,,,,,,,,,,,,,,,,,,,,,,,,,,,,,,,,,,,,,,,,,,,,,,,,,,,,,,,,,,,,,,,,,,,,,,,,,,,,,,,,,,,,,,,,,,,,,,,,,,,,,,,,,,,,,,,,,,,,,,,,,,,,,,,,,,,,,,,,,,,,,,,,,,,,,,,,,,,,,,,,0.0,77086.569476,,,,,,,,,,,,,,,,,,,,,,,,,,,,,,,,,,,,,,,,,,,,,,,,,,,,,,,,,,,,,,,,,,,,,,,,,,,,,,,,,,,,,,,,,,,,,,,,,,,,,,,,,,,,,,,,,,,,,,,,,,,,,,,,,,,,,,,,,,,,,,,,,,,,,,,,,,,,,,,,,,,,,,,,,,,,,,,,,,,,,,,,,,,,,,,,,,,,,,,,,,,,,,,,,,,,,,,,,,,,,,,,,,,,,,,,,,,,,,,,,,,,,,,,,,,,,,,4.96875,4.99983858,77086.569476,0.044,5.0,77086.613476
ConcurrentHMAP,6,1,133740360,2000,20i-10d,-1431263881,4.999679959,8916879,17835695,8915523,4457290,62414922,31200051,0,0,0,0,-1,-1,26749784,0.0,-1,-1,0,0,overlapRandom,unknown,putIfAbsent,20i-10d--1,,,0.2i-0.1d-2000,unnamed-ConcurrentHMAP-0.2i-0.1d-2000-1,unnamed,133740360,,,,,,,,,,,,,,,,,,,,,,,,,,,,,,,,,,,,,,,,,,,,,,,,,,,,,,,,,,,,,,,,,,,,,,,,,,,,,,,,,,,,,,,,,,,,,,,,,,,,,,,,,,,,,,,,,,,,,,,,,,,,,,,,0.0,4.953125,,,,,,,,,,,,,,,,,,,,,,,,,,,,,,,,,,,,,,,,,,,,,,,,,,,,,,,,,,,,,,,,,,,,,,,,,,,,,,,,,,,,,,,,,,,,,,,,,,,,,,,,,,,,,,,,,,,,,,,,,,,,,,,,,,,,,,,,,,,,,,,,,,,,,,,,,,,,,,,,,,,,,,,,,,,,,,,,,,,,,,,,,,,,,,,,,,,,,,,,,,,,,,,,,,,,,,,,,,,,,,,,,,,,,,,,,,,,,,,,,,,,,,,,,,,,,,,0.0,4.999495212,,,,,,,,,,,,,,,,,,,,,,,,,,,,,,,,,,,,,,,,,,,,,,,,,,,,,,,,,,,,,,,,,,,,,,,,,,,,,,,,,,,,,,,,,,,,,,,,,,,,,,,,,,,,,,,,,,,,,,,,,,,,,,,,,,,,,,,,,,,,,,,,,,,,,,,,,,,,,,,,,,,,,,,,,,,,,,,,,,,,,,,,,,,,,,,,,,,,,,,,,,,,,,,,,,,,,,,,,,,,,,,,,,,,,,,,,,,,,,,,,,,,,,,,,,,,,,,0.0,77091.578102183,,,,,,,,,,,,,,,,,,,,,,,,,,,,,,,,,,,,,,,,,,,,,,,,,,,,,,,,,,,,,,,,,,,,,,,,,,,,,,,,,,,,,,,,,,,,,,,,,,,,,,,,,,,,,,,,,,,,,,,,,,,,,,,,,,,,,,,,,,,,,,,,,,,,,,,,,,,,,,,,,,,,,,,,,,,,,,,,,,,,,,,,,,,,,,,,,,,,,,,,,,,,,,,,,,,,,,,,,,,,,,,,,,,,,,,,,,,,,,,,,,,,,,,,,,,,,,,4.953125,4.999495212,77091.578102183,0.043,5.0,77091.62110218301
ConcurrentHMAP,7,1,134763637,2000,20i-10d,608343433,5.000760914,8988024,17969015,8986688,4492607,62871757,31455546,0,0,0,0,-1,-1,26948626,0.0,-1,-1,0,0,overlapRandom,unknown,putIfAbsent,20i-10d--1,,,0.2i-0.1d-2000,unnamed-ConcurrentHMAP-0.2i-0.1d-2000-1,unnamed,134763637,,,,,,,,,,,,,,,,,,,,,,,,,,,,,,,,,,,,,,,,,,,,,,,,,,,,,,,,,,,,,,,,,,,,,,,,,,,,,,,,,,,,,,,,,,,,,,,,,,,,,,,,,,,,,,,,,,,,,,,,,,,,,,,,0.0,4.9375,,,,,,,,,,,,,,,,,,,,,,,,,,,,,,,,,,,,,,,,,,,,,,,,,,,,,,,,,,,,,,,,,,,,,,,,,,,,,,,,,,,,,,,,,,,,,,,,,,,,,,,,,,,,,,,,,,,,,,,,,,,,,,,,,,,,,,,,,,,,,,,,,,,,,,,,,,,,,,,,,,,,,,,,,,,,,,,,,,,,,,,,,,,,,,,,,,,,,,,,,,,,,,,,,,,,,,,,,,,,,,,,,,,,,,,,,,,,,,,,,,,,,,,,,,,,,,,0.0,5.000563105,,,,,,,,,,,,,,,,,,,,,,,,,,,,,,,,,,,,,,,,,,,,,,,,,,,,,,,,,,,,,,,,,,,,,,,,,,,,,,,,,,,,,,,,,,,,,,,,,,,,,,,,,,,,,,,,,,,,,,,,,,,,,,,,,,,,,,,,,,,,,,,,,,,,,,,,,,,,,,,,,,,,,,,,,,,,,,,,,,,,,,,,,,,,,,,,,,,,,,,,,,,,,,,,,,,,,,,,,,,,,,,,,,,,,,,,,,,,,,,,,,,,,,,,,,,,,,,0.0,77096.587980073,,,,,,,,,,,,,,,,,,,,,,,,,,,,,,,,,,,,,,,,,,,,,,,,,,,,,,,,,,,,,,,,,,,,,,,,,,,,,,,,,,,,,,,,,,,,,,,,,,,,,,,,,,,,,,,,,,,,,,,,,,,,,,,,,,,,,,,,,,,,,,,,,,,,,,,,,,,,,,,,,,,,,,,,,,,,,,,,,,,,,,,,,,,,,,,,,,,,,,,,,,,,,,,,,,,,,,,,,,,,,,,,,,,,,,,,,,,,,,,,,,,,,,,,,,,,,,,4.9375,5.000563105,77096.587980073,0.042,5.0,77096.629980073
ConcurrentHMAP,8,1,133998910,2000,20i-10d,-1875431663,4.999583387,8934860,17855702,8933540,4465302,62526867,31282639,0,0,0,0,-1,-1,26802015,0.0,-1,-1,0,0,overlapRandom,unknown,putIfAbsent,20i-10d--1,,,0.2i-0.1d-2000,unnamed-ConcurrentHMAP-0.2i-0.1d-2000-1,unnamed,133998910,,,,,,,,,,,,,,,,,,,,,,,,,,,,,,,,,,,,,,,,,,,,,,,,,,,,,,,,,,,,,,,,,,,,,,,,,,,,,,,,,,,,,,,,,,,,,,,,,,,,,,,,,,,,,,,,,,,,,,,,,,,,,,,,0.0,4.921875,,,,,,,,,,,,,,,,,,,,,,,,,,,,,,,,,,,,,,,,,,,,,,,,,,,,,,,,,,,,,,,,,,,,,,,,,,,,,,,,,,,,,,,,,,,,,,,,,,,,,,,,,,,,,,,,,,,,,,,,,,,,,,,,,,,,,,,,,,,,,,,,,,,,,,,,,,,,,,,,,,,,,,,,,,,,,,,,,,,,,,,,,,,,,,,,,,,,,,,,,,,,,,,,,,,,,,,,,,,,,,,,,,,,,,,,,,,,,,,,,,,,,,,,,,,,,,,0.0,4.999372981,,,,,,,,,,,,,,,,,,,,,,,,,,,,,,,,,,,,,,,,,,,,,,,,,,,,,,,,,,,,,,,,,,,,,,,,,,,,,,,,,,,,,,,,,,,,,,,,,,,,,,,,,,,,,,,,,,,,,,,,,,,,,,,,,,,,,,,,,,,,,,,,,,,,,,,,,,,,,,,,,,,,,,,,,,,,,,,,,,,,,,,,,,,,,,,,,,,,,,,,,,,,,,,,,,,,,,,,,,,,,,,,,,,,,,,,,,,,,,,,,,,,,,,,,,,,,,,0.0,77101.596393518,,,,,,,,,,,,,,,,,,,,,,,,,,,,,,,,,,,,,,,,,,,,,,,,,,,,,,,,,,,,,,,,,,,,,,,,,,,,,,,,,,,,,,,,,,,,,,,,,,,,,,,,,,,,,,,,,,,,,,,,,,,,,,,,,,,,,,,,,,,,,,,,,,,,,,,,,,,,,,,,,,,,,,,,,,,,,,,,,,,,,,,,,,,,,,,,,,,,,,,,,,,,,,,,,,,,,,,,,,,,,,,,,,,,,,,,,,,,,,,,,,,,,,,,,,,,,,,4.921875,4.999372981,77101.596393518,0.042,5.0,77101.638393518
ConcurrentHMAP,9,1,134518394,2000,20i-10d,1443394530,5.000758115,8966934,17933874,8965608,4486458,62775994,31389526,0,0,0,0,-1,-1,26899600,0.0,-1,-1,1326,0,overlapRandom,unknown,putIfAbsent,20i-10d--1,,,0.2i-0.1d-2000,unnamed-ConcurrentHMAP-0.2i-0.1d-2000-1,unnamed,134518394,,,,,,,,,,,,,,,,,,,,,,,,,,,,,,,,,,,,,,,,,,,,,,,,,,,,,,,,,,,,,,,,,,,,,,,,,,,,,,,,,,,,,,,,,,,,,,,,,,,,,,,,,,,,,,,,,,,,,,,,,,,,,,,,0.0,5.0,,,,,,,,,,,,,,,,,,,,,,,,,,,,,,,,,,,,,,,,,,,,,,,,,,,,,,,,,,,,,,,,,,,,,,,,,,,,,,,,,,,,,,,,,,,,,,,,,,,,,,,,,,,,,,,,,,,,,,,,,,,,,,,,,,,,,,,,,,,,,,,,,,,,,,,,,,,,,,,,,,,,,,,,,,,,,,,,,,,,,,,,,,,,,,,,,,,,,,,,,,,,,,,,,,,,,,,,,,,,,,,,,,,,,,,,,,,,,,,,,,,,,,,,,,,,,,,0.0,5.000494524,,,,,,,,,,,,,,,,,,,,,,,,,,,,,,,,,,,,,,,,,,,,,,,,,,,,,,,,,,,,,,,,,,,,,,,,,,,,,,,,,,,,,,,,,,,,,,,,,,,,,,,,,,,,,,,,,,,,,,,,,,,,,,,,,,,,,,,,,,,,,,,,,,,,,,,,,,,,,,,,,,,,,,,,,,,,,,,,,,,,,,,,,,,,,,,,,,,,,,,,,,,,,,,,,,,,,,,,,,,,,,,,,,,,,,,,,,,,,,,,,,,,,,,,,,,,,,,0.0,77106.608354941,,,,,,,,,,,,,,,,,,,,,,,,,,,,,,,,,,,,,,,,,,,,,,,,,,,,,,,,,,,,,,,,,,,,,,,,,,,,,,,,,,,,,,,,,,,,,,,,,,,,,,,,,,,,,,,,,,,,,,,,,,,,,,,,,,,,,,,,,,,,,,,,,,,,,,,,,,,,,,,,,,,,,,,,,,,,,,,,,,,,,,,,,,,,,,,,,,,,,,,,,,,,,,,,,,,,,,,,,,,,,,,,,,,,,,,,,,,,,,,,,,,,,,,,,,,,,,,5.0,5.000494524,77106.608354941,0.044,5.0,77106.65235494099
